sample,raw_sample,maldi_pos,group
S1001,50,A1,C
S1002,A15,A2,Y
S1003,59,A3,C
S1004,C25,A4,H
S1005,54,A5,C
S1006,A6,A6,Y
S1007,75,A7,C
S1008,82,A8,C
S1009,89,A9,C
S1010,A23,A10,Y
S1011,58,A11,C
S1012,72,A12,C
S1013,A11,A13,Y
S1014,20,A14,C
S1015,C3,A15,H
S1016,90,A16,C
S1017,A19,A17,Y
S1018,68,A18,C
S1019,A22,A19,Y
S1020,A20,A20,Y
S1021,78,A21,C
S1022,86,A22,C
S1023,C13,A23,H
S1024,C20,A24,H
S1025,C5,B1,H
S1026,B13,B2,M
S1027,B23,B3,M
S1028,A25,B4,Y
S1029,B10,B5,M
S1030,B24,B6,M
S1031,99,B7,C
S1032,B15,B8,M
S1033,B14,B9,M
S1034,43,B10,C
S1035,A13,B11,Y
S1036,77,B12,C
S1037,88,B13,C
S1038,14,B14,C
S1039,70,B15,C
S1040,97,B16,C
S1041,69,B17,C
S1042,C23,B18,H
S1043,55,B19,C
S1044,C21,B20,H
S1045,91,B21,C
S1046,C30,B22,H
S1047,51,B23,C
S1048,A30,B24,Y
S1049,C27,C1,H
S1050,B28,C2,M
S1051,B12,C3,M
S1052,96,C4,C
S1053,A14,C5,Y
S1054,98,C6,C
S1055,B19,C7,M
S1056,81,C8,C
S1057,87,C9,C
S1058,B20,C10,M
S1059,35,C11,C
S1060,B7,C12,M
S1061,79,C13,C
S1062,66,C14,C
S1063,73,C15,C
S1064,B30,C16,M
S1065,80,C17,C
S1066,C7,C18,H
S1067,46,C19,C
S1068,A28,C20,Y
S1069,C28,C21,H
S1070,64,C22,C
S1071,A29,C23,Y
S1072,52,C24,C
S1073,C2,D1,H
S1074,A10,D2,Y
S1075,C19,D3,H
S1076,100,D4,C
S1077,A12,D5,Y
S1078,36,D6,C
S1079,60,D7,C
S1080,B29,D8,M
S1081,62,D9,C
S1082,C24,D10,H
S1083,B11,D11,M
S1084,C29,D12,H
S1085,61,D13,C
S1086,B21,D14,M
S1087,53,D15,C
S1088,15,D16,C
S1089,44,D17,C
S1090,71,D18,C
S1091,63,D19,C
S1092,42,D20,C
S1093,45,D21,C
S1094,QC,D22,QC
S1095,QC,D23,QC
S1096,QC,D24,QC
S1097,C1,E1,H
S1098,33,E2,C
S1099,A1,E3,Y
S1100,95,E4,C
S1101,B1,E5,M
S1102,C6,E6,H
S1103,B8,E7,M
S1104,29,E8,C
S1105,A7,E9,Y
S1106,A8,E10,Y
S1107,4,E11,C
S1108,40,E12,C
S1109,C22,E13,H
S1110,7,E14,C
S1111,C17,E15,H
S1112,B17,E16,M
S1113,C9,E17,H
S1114,47,E18,C
S1115,28,E19,C
S1116,C4,E20,H
S1117,B9,E21,M
S1118,24,E22,C
S1119,A21,E23,Y
S1120,74,E24,C
S1121,34,F1,C
S1122,B16,F2,M
S1123,41,F3,C
S1124,C16,F4,H
S1125,93,F5,C
S1126,A16,F6,Y
S1127,2,F7,C
S1128,C18,F8,H
S1129,27,F9,C
S1130,C12,F10,H
S1131,57,F11,C
S1132,A26,F12,Y
S1133,C11,F13,H
S1134,C8,F14,H
S1135,8,F15,C
S1136,1,F16,C
S1137,B2,F17,M
S1138,48,F18,C
S1139,A9,F19,Y
S1140,65,F20,C
S1141,22,F21,C
S1142,C26,F22,H
S1143,A17,F23,Y
S1144,23,F24,C
S1145,C10,G1,H
S1146,25,G2,C
S1147,A5,G3,Y
S1148,26,G4,C
S1149,B3,G5,M
S1150,B26,G6,M
S1151,37,G7,C
S1152,B4,G8,M
S1153,B5,G9,M
S1154,32,G10,C
S1155,3,G11,C
S1156,6,G12,C
S1157,38,G13,C
S1158,12,G14,C
S1159,21,G15,C
S1160,B18,G16,M
S1161,39,G17,C
S1162,49,G18,C
S1163,A2,G19,Y
S1164,92,G20,C
S1165,A4,G21,Y
S1166,31,G22,C
S1167,B6,G23,M
S1168,85,G24,C
S1169,A27,H1,Y
S1170,9,H2,C
S1171,5,H3,C
S1172,94,H4,C
S1173,C14,H5,H
S1174,A24,H6,Y
S1175,76,H7,C
S1176,C15,H8,H
S1177,84,H9,C
S1178,11,H10,C
S1179,B22,H11,M
S1180,83,H12,C
S1181,B27,H13,M
S1182,67,H14,C
S1183,A3,H15,Y
S1184,A18,H16,Y
S1185,10,H17,C
S1186,56,H18,C
S1187,13,H19,C
S1188,30,H20,C
S1189,B25,H21,M
S1190,QC,H22,QC
S1191,QC,H23,QC
S1192,QC,H24,QC