SNP,beta,se,effect_allele,other_allele,eaf,Phenotype,chr,position,samplesize,pval
rs6421315,-0.232627299,0.021347162,C,G,0.370637076,A2[6]BG1n,7,50355207,4802,1.18675E-27
rs11621121,0.196897857,0.022340039,C,T,0.421397529,A2[6]BG1n,14,65822493,4187,1.21108E-18
rs6421315,-0.191638573,0.021379749,C,G,0.370962663,A2BG1,7,50355207,4802,3.14373E-19
rs13297246,-0.128214429,0.030154509,A,G,0.171918639,A2BG1,9,33128617,4051,2.1195E-05
rs11621121,0.193085364,0.022272957,C,T,0.420563964,A2BG1,14,65822493,4187,4.35743E-18
rs6421315,-0.111877872,0.021547681,C,G,0.370893435,A2BG2,7,50355207,4802,2.07927E-07
rs11621121,0.098056877,0.022475054,C,T,0.420817175,A2BG2,14,65822493,4187,1.28337E-05
rs6421315,-0.150202807,0.021554221,C,G,0.37049845,A2BG2n,7,50355207,4802,3.20104E-12
rs11621121,0.100984739,0.022491775,C,T,0.421768787,A2BG2n,14,65822493,4187,7.12727E-06
rs11621121,0.105748969,0.022591741,C,T,0.420685306,A2G2,14,65822493,4187,2.85662E-06
rs3967200,0.199346955,0.030020814,C,T,0.860873393,A2G2S1,11,126232385,4802,3.13064E-11
rs3967200,-0.495054642,0.029297069,C,T,0.860846243,A2G2S2,11,126232385,4802,4.6738E-64
rs3967200,0.266641616,0.029782293,C,T,0.86095739,A2G2S2,11,126232385,4802,3.45871E-19
rs3967200,0.24369096,0.029829853,C,T,0.860956467,A2total,11,126232385,4802,3.10017E-16
rs735396,-0.202606567,0.0224253,C,T,0.353099974,A3F1G3S2,12,121438844,4343,1.64405E-19
rs3760776,-0.445474911,0.048312289,A,G,0.094084914,A3F1G3S2,19,5839746,2469,2.95065E-20
rs735396,-0.187602851,0.022437563,C,T,0.352998781,A3F1G3S3,12,121438844,4343,6.21329E-17
rs3760776,-0.417095642,0.048418736,A,G,0.093982118,A3F1G3S3,19,5839746,2469,7.03433E-18
rs3967200,0.411268473,0.029759635,C,T,0.860654353,A3G3S2,11,126232385,4802,1.93945E-43
rs7928758,-0.14695128,0.034370366,G,T,0.148934923,A3G3S2,11,134265967,3592,1.90689E-05
rs735396,0.127342181,0.022374039,C,T,0.352895931,A3G3S2,12,121438844,4343,1.25917E-08
rs3760776,0.299174772,0.048797199,A,G,0.094247793,A3G3S2,19,5839746,2469,8.7338E-10
rs3760776,0.24025778,0.048911419,A,G,0.09411326,A3G3S2,19,5839746,2469,9.01061E-07
rs1257220,0.207895213,0.024849324,A,G,0.262919856,A3G3S3,2,135015347,4343,5.94899E-17
rs3967200,-0.359813834,0.02950097,C,T,0.861263232,A3G3S3,11,126232385,4802,3.23764E-34
rs3967200,-0.461294665,0.029449837,C,T,0.860903998,A3G3S3,11,126232385,4802,2.6767E-55
rs3967200,0.553030144,0.029082163,C,T,0.86066648,A3G3S3,11,126232385,4802,1.25409E-80
rs735396,0.116225437,0.022316123,C,T,0.353694886,A3G3S3,12,121438844,4343,1.90745E-07
rs735396,0.146223984,0.022371059,C,T,0.35319623,A3G3S3,12,121438844,4343,6.30588E-11
rs3760776,0.249119138,0.048819004,A,G,0.094137068,A3G3S3,19,5839746,2469,3.34465E-07
rs3760776,0.314313483,0.04858228,A,G,0.094070184,A3G3S3,19,5839746,2469,9.81883E-11
rs7928758,-0.248456774,0.034219384,G,T,0.148973847,A4F1G4S4,11,134265967,3592,3.85085E-13
rs735396,-0.122897679,0.022495775,C,T,0.352988407,A4F1G4S4,12,121438844,4343,4.67772E-08
rs3760776,-0.288402555,0.048856787,A,G,0.094014317,A4F1G4S4,19,5839746,2469,3.56909E-09
rs1257220,0.202793431,0.02480731,A,G,0.263342623,A4G4S3,2,135015347,4343,2.96493E-16
rs3967200,0.285899878,0.029917712,C,T,0.861135857,A4G4S3,11,126232385,4802,1.2215E-21
rs7928758,-0.36367843,0.033854108,G,T,0.148781501,A4G4S3,11,134265967,3592,6.42658E-27
rs1257220,0.172115807,0.024600507,A,G,0.263582514,A4G4S4,2,135015347,4343,2.6256E-12
rs1257220,0.214682866,0.024555465,A,G,0.263106222,A4G4S4,2,135015347,4343,2.27457E-18
rs3967200,-0.506170203,0.028941591,C,T,0.861154564,A4G4S4,11,126232385,4802,1.72654E-68
rs3967200,-0.154953639,0.029849119,C,T,0.861134959,A4G4S4,11,126232385,4802,2.08909E-07
rs735396,0.113515468,0.022253361,C,T,0.353585729,A4G4S4,12,121438844,4343,3.37778E-07
rs3760776,0.250810539,0.048878036,A,G,0.094201505,A4G4S4,19,5839746,2469,2.87664E-07
rs1257220,0.223762441,0.024475557,A,G,0.262489083,A4total,2,135015347,4343,6.11483E-20
rs3967200,-0.140671298,0.02977711,C,T,0.861218383,A4total,11,126232385,4802,2.31089E-06
rs7928758,-0.230741393,0.034059037,G,T,0.149152479,A4total,11,134265967,3592,1.24623E-11
rs6421315,-0.141735121,0.021464536,C,G,0.370069965,BG2n/(FG2n+FBG2n),7,50355207,4802,4.02314E-11
rs13297246,-0.149411755,0.030095456,A,G,0.172342416,BG2n/(FG2n+FBG2n),9,33128617,4051,6.88445E-07
rs11621121,0.110049781,0.022390699,C,T,0.421986405,BG2n/(FG2n+FBG2n),14,65822493,4187,8.87927E-07
rs6421315,-0.210134761,0.021358922,C,G,0.370534348,Bn/(Fn+FBn),7,50355207,4802,7.70269E-23
rs11621121,0.167196391,0.022325181,C,T,0.421757147,Bn/(Fn+FBn),14,65822493,4187,6.93267E-14
rs909674,-0.121521616,0.024327498,A,C,0.703055017,Btotal,22,39859169,4343,5.87636E-07
rs13297246,-0.185729688,0.030226028,A,G,0.172159986,FA2,9,33128617,4051,8.01179E-10
rs6421315,0.091560891,0.021629949,C,G,0.370751157,FA2[3]G1,7,50355207,4802,2.30532E-05
rs35590487,-0.156752785,0.033486085,C,T,0.753003654,FA2[3]G1,14,105989599,2469,2.85295E-06
rs35590487,-0.201828715,0.033317198,C,T,0.752943745,FA2[3]G1n,14,105989599,2469,1.38001E-09
rs186127900,-1.01788,0.196189941,G,T,0.989187896,FA2[6]BG1,1,25318225,1245,2.12294E-07
rs9624334,-0.212041129,0.029998375,C,G,0.166580728,FA2[6]BG1,22,24166256,4051,1.56707E-12
rs909674,-0.150612466,0.024508106,A,C,0.702588261,FA2[6]BG1,22,39859169,4343,7.97551E-10
rs186127900,-0.99593,0.195163991,G,T,0.989187896,FA2[6]BG1n,1,25318225,1245,3.34237E-07
rs11621121,-0.101702676,0.022528131,C,T,0.420828362,FA2[6]BG1n,14,65822493,4187,6.34739E-06
rs9624334,-0.312191117,0.029681917,C,G,0.166656075,FA2[6]BG1n,22,24166256,4051,7.14563E-26
rs909674,-0.215987202,0.024338107,A,C,0.702804939,FA2[6]BG1n,22,39859169,4343,7.02827E-19
rs186127900,-1.0116,0.195756414,G,T,0.989187896,FA2B,1,25318225,1245,2.3706E-07
rs9624334,-0.137123239,0.03005175,C,G,0.166793277,FA2B,22,24166256,4051,5.0451E-06
rs909674,-0.141554999,0.02428428,A,C,0.702773979,FA2B,22,39859169,4343,5.5734E-09
rs17775791,0.136444752,0.024557206,C,T,0.259302008,FA2BG2,3,186722362,4343,2.75711E-08
rs17775791,0.121026405,0.024697058,C,T,0.258970846,FA2BG2n,3,186722362,4343,9.56231E-07
rs9624334,-0.128323353,0.029927516,C,G,0.166750679,FA2BG2n,22,24166256,4051,1.80447E-05
rs17775791,-0.173670089,0.024731921,C,T,0.259167883,FA2BG2S2,3,186722362,4343,2.18554E-12
rs186127900,-0.830825,0.196434579,G,T,0.989187896,FA2Bn,1,25318225,1245,2.34185E-05
rs6421315,-0.115056928,0.021444549,C,G,0.370274796,FA2Bn,7,50355207,4802,8.08046E-08
rs9624334,-0.21673094,0.029827489,C,G,0.167076599,FA2Bn,22,24166256,4051,3.69884E-13
rs909674,-0.197876599,0.024239884,A,C,0.702223656,FA2Bn,22,39859169,4343,3.26088E-16
rs17775791,-0.351704724,0.024200579,C,T,0.259233685,FA2G1S1,3,186722362,4343,7.49719E-48
rs35590487,-0.177285465,0.03336155,C,T,0.752927611,FA2G1S1,14,105989599,2469,1.07206E-07
rs17775791,0.135761442,0.024636799,C,T,0.259291708,FA2G2,3,186722362,4343,3.57786E-08
rs13297246,0.191132151,0.030176553,A,G,0.172091693,FA2G2,9,33128617,4051,2.39201E-10
rs17775791,0.142094583,0.024548745,C,T,0.259240019,FA2G2n,3,186722362,4343,7.11182E-09
rs13297246,0.305425617,0.029820132,A,G,0.172220505,FA2G2n,9,33128617,4051,1.28203E-24
rs13297246,0.209524019,0.029962945,A,G,0.172142047,FA2G2S1,9,33128617,4051,2.69509E-12
rs186127900,1.24344,0.192938457,G,T,0.989187896,FA2G2S2,1,25318225,1245,1.15792E-10
rs13297246,0.139714778,0.03020863,A,G,0.171985482,FA2G2S2,9,33128617,4051,3.74607E-06
rs11621121,-0.162672306,0.022370072,C,T,0.421093752,FA2G2S2,14,65822493,4187,3.54539E-13
rs909674,0.108607554,0.024437436,A,C,0.702717891,FA2G2S2,22,39859169,4343,8.81741E-06
rs13297246,-0.214792035,0.030065618,A,G,0.172326116,FA2n,9,33128617,4051,9.05819E-13
rs735396,-0.199091487,0.022354689,C,T,0.353373108,FA3F1G3S3,12,121438844,4343,5.28935E-19
rs11621121,-0.108584908,0.022461928,C,T,0.421972191,FA3F1G3S3,14,65822493,4187,1.33698E-06
rs3760776,-0.427483612,0.048262949,A,G,0.09408499,FA3F1G3S3,19,5839746,2469,8.19118E-19
rs3967200,-0.138993293,0.030213468,C,T,0.86100071,FA3G3S3,11,126232385,4802,4.2173E-06
rs11621121,-0.231477143,0.022243826,C,T,0.421963003,FA3G3S3,14,65822493,4187,2.31933E-25
rs11621121,-0.158304862,0.022482209,C,T,0.421385123,FA3G3S3,14,65822493,4187,1.90401E-12
rs3760776,0.214953707,0.048875546,A,G,0.094038086,FA3G3S3,19,5839746,2469,1.09263E-05
rs6421315,-0.130469927,0.021531799,C,G,0.370864267,FBG0n/G0n,7,50355207,4802,1.36625E-09
rs13297246,0.148318172,0.030196279,A,G,0.17209215,FBG0n/G0n,9,33128617,4051,9.02427E-07
rs9624334,-0.191105614,0.029825251,C,G,0.167096021,FBG0n/G0n,22,24166256,4051,1.47915E-10
rs909674,-0.173543287,0.024353731,A,C,0.702017661,FBG0n/G0n,22,39859169,4343,1.03371E-12
rs186127900,-0.965584,0.195348139,G,T,0.989187896,FBG1n/G1n,1,25318225,1245,7.69737E-07
rs9624334,-0.287344666,0.029760192,C,G,0.166777698,FBG1n/G1n,22,24166256,4051,4.66625E-22
rs909674,-0.20566618,0.024303051,A,C,0.702727173,FBG1n/G1n,22,39859169,4343,2.61557E-17
rs13297246,-0.199206819,0.030188613,A,G,0.171764276,FBG2n /(FG2n+FBG2n ),9,33128617,4051,4.14666E-11
rs9624334,-0.146313808,0.030063189,C,G,0.166386523,FBG2n /(FG2n+FBG2n ),22,24166256,4051,1.13376E-06
rs13297246,-0.198669768,0.030183988,A,G,0.171761988,FBG2n/FG2n,9,33128617,4051,4.6429E-11
rs9624334,-0.146379707,0.030059817,C,G,0.166365622,FBG2n/FG2n,22,24166256,4051,1.11816E-06
rs13297246,-0.149120993,0.030265886,A,G,0.171719391,FBG2n/G2n,9,33128617,4051,8.3488E-07
rs9624334,-0.152536058,0.030047106,C,G,0.166368356,FBG2n/G2n,22,24166256,4051,3.84321E-07
rs4839604,0.143497924,0.030033074,C,T,0.804423477,FBG2S1/(FBG2+FBG2S1+FBG2S2),3,142960273,3592,1.7705E-06
rs17775791,0.175261967,0.024530217,C,T,0.259772236,FBG2S1/(FBG2+FBG2S1+FBG2S2),3,186722362,4343,9.01679E-13
rs4839604,-0.148503996,0.030030117,C,T,0.804696281,FBG2S2/(FBG2+FBG2S1+FBG2S2),3,142960273,3592,7.60779E-07
rs17775791,-0.242717221,0.024494956,C,T,0.25975348,FBG2S2/(FBG2+FBG2S1+FBG2S2),3,186722362,4343,3.80947E-23
rs186127900,1.10681,0.193446,G,T,0.989187896,FBGS/(FB+FBG+FBGS),1,25318225,1245,1.0556E-08
rs186127900,1.16131,0.193188,G,T,0.989187896,FBGS/(FBG+FBGS),1,25318225,1245,1.84047E-09
rs17775791,-0.137391724,0.024683713,C,T,0.25903316,FBGS/(FBG+FBGS),3,186722362,4343,2.60522E-08
rs186127900,-0.840158,0.196135867,G,T,0.989187896,FBn,1,25318225,1245,1.83934E-05
rs6421315,-0.094889652,0.021517367,C,G,0.370357995,FBn,7,50355207,4802,1.03414E-05
rs9624334,-0.299566966,0.029691456,C,G,0.166904776,FBn,22,24166256,4051,6.15871E-24
rs909674,-0.22472426,0.024245557,A,C,0.702561112,FBn,22,39859169,4343,1.88467E-20
rs6421315,-0.104785434,0.021515134,C,G,0.370304192,FBn/Fn,7,50355207,4802,1.11422E-06
rs9624334,-0.269086145,0.029767996,C,G,0.166965506,FBn/Fn,22,24166256,4051,1.5747E-19
rs909674,-0.194772378,0.024293065,A,C,0.702189012,FBn/Fn,22,39859169,4343,1.0782E-15
rs6421315,-0.105176678,0.021529444,C,G,0.370304386,FBn/Fn total,7,50355207,4802,1.03299E-06
rs9624334,-0.26853257,0.029765084,C,G,0.166974412,FBn/Fn total,22,24166256,4051,1.85141E-19
rs909674,-0.194470694,0.024308505,A,C,0.70212369,FBn/Fn total,22,39859169,4343,1.24309E-15
rs17775791,0.114840867,0.024407372,C,T,0.259957325,FBS1/(FS1+FBS1),3,186722362,4343,2.53653E-06
rs13297246,-0.183833491,0.030023551,A,G,0.17221351,FBS1/(FS1+FBS1),9,33128617,4051,9.18434E-10
rs4839604,0.151539233,0.030021862,C,T,0.804553543,FBS1/FBS2,3,142960273,3592,4.47326E-07
rs17775791,0.222632232,0.024491962,C,T,0.259789532,FBS1/FBS2,3,186722362,4343,9.90279E-20
rs17775791,0.114862233,0.024385168,C,T,0.259962741,FBS1/FS1,3,186722362,4343,2.47314E-06
rs13297246,-0.183104647,0.030026398,A,G,0.172208594,FBS1/FS1,9,33128617,4051,1.07322E-09
rs4839604,-0.197685515,0.029926229,C,T,0.804672755,FBS2/(FS2+FBS2),3,142960273,3592,3.9548E-11
rs17775791,-0.159379132,0.024652847,C,T,0.258873926,FBS2/(FS2+FBS2),3,186722362,4343,1.0134E-10
rs735396,0.12002192,0.022571415,C,T,0.352877601,FBS2/(FS2+FBS2),12,121438844,4343,1.05243E-07
rs3760776,0.210257784,0.048898006,A,G,0.094114531,FBS2/(FS2+FBS2),19,5839746,2469,1.70856E-05
rs909674,-0.149875169,0.024373984,A,C,0.702786797,FBS2/(FS2+FBS2),22,39859169,4343,7.79822E-10
rs4839604,-0.197796869,0.029928803,C,T,0.804672607,FBS2/FS2,3,142960273,3592,3.87151E-11
rs17775791,-0.158986489,0.024655924,C,T,0.25886552,FBS2/FS2,3,186722362,4343,1.13182E-10
rs735396,0.120484353,0.022572815,C,T,0.352881858,FBS2/FS2,12,121438844,4343,9.4192E-08
rs3760776,0.211268651,0.048897846,A,G,0.094114806,FBS2/FS2,19,5839746,2469,1.55597E-05
rs909674,-0.150016956,0.024375443,A,C,0.702780175,FBS2/FS2,22,39859169,4343,7.53481E-10
rs13297246,-0.147850795,0.030108661,A,G,0.172073348,FBStotal/FStotal,9,33128617,4051,9.08103E-07
rs11621121,0.107725602,0.022390752,C,T,0.420794622,FBStotal/FStotal,14,65822493,4187,1.50053E-06
rs909674,-0.144487713,0.024266447,A,C,0.703346378,FBStotal/FStotal,22,39859169,4343,2.61318E-09
rs6421315,0.128929729,0.021537076,C,G,0.370866201,FG0n/G0n,7,50355207,4802,2.14525E-09
rs13297246,-0.145747643,0.030191495,A,G,0.172170666,FG0n/G0n,9,33128617,4051,1.38299E-06
rs9624334,0.185727874,0.029826139,C,G,0.167151953,FG0n/G0n,22,24166256,4051,4.754E-10
rs909674,0.168825969,0.024355112,A,C,0.701925438,FG0n/G0n,22,39859169,4343,4.15374E-12
rs6421315,0.222305813,0.021181953,C,G,0.370614172,FG1n total/G1n,7,50355207,4802,9.10222E-26
rs11621121,-0.20082403,0.022196938,C,T,0.421307295,FG1n total/G1n,14,65822493,4187,1.46446E-19
rs186127900,0.908723,0.195659759,G,T,0.989187896,FG1n/G1n,1,25318225,1245,3.41059E-06
rs6421315,0.101477946,0.021462973,C,G,0.370340028,FG1n/G1n,7,50355207,4802,2.2669E-06
rs9624334,0.282401172,0.029785221,C,G,0.166682087,FG1n/G1n,22,24166256,4051,2.51252E-21
rs909674,0.199189965,0.024221651,A,C,0.702932738,FG1n/G1n,22,39859169,4343,1.9743E-16
rs17775791,-0.489617279,0.023452031,C,T,0.258707822,FG1S1/(FG1+FG1S1),3,186722362,4343,8.59545E-97
rs6421315,-0.1158712,0.02143194,C,G,0.370391329,FG1S1/(FG1+FG1S1),7,50355207,4802,6.4278E-08
rs35590487,-0.146139635,0.033286867,C,T,0.752971612,FG1S1/(FG1+FG1S1),14,105989599,2469,1.1319E-05
rs13297246,0.14021243,0.030343772,A,G,0.171801598,FG2n total /G2n,9,33128617,4051,3.82268E-06
rs13297246,0.201130433,0.030135903,A,G,0.171832101,FG2n/(BG2n+FBG2n),9,33128617,4051,2.48731E-11
rs9624334,0.139425685,0.030036061,C,G,0.16637541,FG2n/(BG2n+FBG2n),22,24166256,4051,3.45148E-06
rs13297246,0.200489079,0.030186968,A,G,0.171867582,FG2n/G2n,9,33128617,4051,3.10344E-11
rs17775791,-0.252181011,0.024319343,C,T,0.258782426,FG2S1/(FG2+FG2S1+FG2S2),3,186722362,4343,3.41073E-25
rs11621121,0.127085166,0.022379469,C,T,0.421119916,FG2S1/(FG2+FG2S1+FG2S2),14,65822493,4187,1.35762E-08
rs186127900,0.938814,0.194680049,G,T,0.989187896,FG2S2/(FG2+FG2S1+FG2S2),1,25318225,1245,1.41882E-06
rs11621121,-0.116142242,0.022401615,C,T,0.421140948,FG2S2/(FG2+FG2S1+FG2S2),14,65822493,4187,2.1654E-07
rs3967200,-0.201253878,0.029950862,C,T,0.861143646,FG3/G3total,11,126232385,4802,1.82389E-11
rs11621121,-0.307661834,0.021914128,C,T,0.422043395,FG3/G3total,14,65822493,4187,8.94307E-45
rs186127900,0.910767,0.196144304,G,T,0.989187896,FGS/(F+FG+FGS),1,25318225,1245,3.42802E-06
rs13297246,0.184860472,0.030270704,A,G,0.171847272,FGS/(F+FG+FGS),9,33128617,4051,1.01578E-09
rs186127900,0.824441,0.196263494,G,T,0.989187896,FGS/(FG+FGS),1,25318225,1245,2.66109E-05
rs17775791,-0.148902849,0.024702073,C,T,0.2585762,FGS/(FG+FGS),3,186722362,4343,1.66053E-09
rs6421315,0.101643842,0.021579603,C,G,0.370495673,Fn,7,50355207,4802,2.47497E-06
rs9624334,0.176253765,0.030040713,C,G,0.166877178,Fn,22,24166256,4051,4.43314E-09
rs909674,0.121529409,0.024447813,A,C,0.702181742,Fn,22,39859169,4343,6.66178E-07
rs6421315,0.11475509,0.021517518,C,G,0.370293614,Fn/(Bn+FBn),7,50355207,4802,9.65498E-08
rs9624334,0.263339599,0.029786666,C,G,0.166973276,Fn/(Bn+FBn),22,24166256,4051,9.49887E-19
rs909674,0.190877851,0.024310821,A,C,0.702100878,Fn/(Bn+FBn),22,39859169,4343,4.10897E-15
rs735396,0.124940851,0.022436412,C,T,0.353157816,FS1/FS2,12,121438844,4343,2.56699E-08
rs3760776,0.257491025,0.0487266,A,G,0.094111425,FS1/FS2,19,5839746,2469,1.26115E-07
rs11621121,0.161819001,0.022290884,C,T,0.421969564,FS1/FS3,14,65822493,4187,3.88739E-13
rs3967200,0.151542998,0.030089486,C,T,0.860846467,FS2/FS3,11,126232385,4802,4.74343E-07
rs11621121,0.10906542,0.022434068,C,T,0.42168918,FS2/FS3,14,65822493,4187,1.16442E-06
rs3760776,0.218373998,0.048642705,A,G,0.093951335,FtotalS1/FtotalS2,19,5839746,2469,7.14417E-06
rs11621121,0.16278924,0.022311137,C,T,0.421696741,FtotalS1/FtotalS3,14,65822493,4187,2.95741E-13
rs3967200,0.136470746,0.030157131,C,T,0.860856636,FtotalS2/FtotalS3,11,126232385,4802,6.03035E-06
rs11621121,0.140589505,0.022417274,C,T,0.421617193,FtotalS2/FtotalS3,14,65822493,4187,3.5763E-10
rs735396,-0.192987512,0.02241872,C,T,0.353027189,FUC-A,12,121438844,4343,7.41391E-18
rs3760776,-0.433044049,0.048370367,A,G,0.094006494,FUC-A,19,5839746,2469,3.46978E-19
rs13297246,-0.221917457,0.030025004,A,G,0.172378865,G0n,9,33128617,4051,1.45632E-13
rs13297246,-0.186245693,0.030260259,A,G,0.172110415,G0total,9,33128617,4051,7.51746E-10
rs17775791,0.128766368,0.024697292,C,T,0.258612038,G2n,3,186722362,4343,1.85026E-07
rs13297246,0.25776477,0.029952981,A,G,0.172297295,G2n,9,33128617,4051,7.58878E-18
rs3967200,0.2057432,0.029882276,C,T,0.860766511,G2total,11,126232385,4802,5.77369E-12
rs735396,-0.205750883,0.022447121,C,T,0.35319941,G3Fa/G3total,12,121438844,4343,4.90782E-20
rs3760776,-0.476614901,0.048105586,A,G,0.094016184,G3Fa/G3total,19,5839746,2469,3.85481E-23
rs3967200,0.252681735,0.029878956,C,T,0.86090151,G3S2/G3S3,11,126232385,4802,2.74706E-17
rs7928758,-0.162217189,0.034171687,G,T,0.149343825,G3S2/G3S3,11,134265967,3592,2.06331E-06
rs3967200,0.182272184,0.030231991,C,T,0.861131585,G4Fa/G4total,11,126232385,4802,1.64859E-09
rs735396,-0.170515608,0.022520405,C,T,0.353700258,G4Fa/G4total,12,121438844,4343,3.68642E-14
rs3760776,-0.40160225,0.048629178,A,G,0.094098312,G4Fa/G4total,19,5839746,2469,1.47561E-16
rs3967200,0.630787307,0.028757081,C,T,0.860964621,G4S3/G4S4,11,126232385,4802,1.2037E-106
rs7928758,-0.258114978,0.033958075,G,T,0.148422407,G4S3/G4S4,11,134265967,3592,2.93875E-14
rs1257220,0.223762441,0.024475557,A,G,0.262489083,G4total,2,135015347,4343,6.11483E-20
rs3967200,-0.140671298,0.02977711,C,T,0.861218383,G4total,11,126232385,4802,2.31089E-06
rs7928758,-0.230741393,0.034059037,G,T,0.149152479,G4total,11,134265967,3592,1.24623E-11
rs3967200,0.240493765,0.02994876,C,T,0.860943221,Gtotal,11,126232385,4802,9.73342E-16
rs3967200,-0.392229472,0.029769991,C,T,0.860785527,M7 + A2G2S1,11,126232385,4802,1.21693E-39
rs3967200,-0.30573562,0.030023118,C,T,0.861128867,M7n,11,126232385,4802,2.35342E-24
rs3115663,-0.147000629,0.028068778,C,T,0.184830829,M9,6,31601843,4343,1.63068E-07
rs3115663,-0.122775426,0.028025862,C,T,0.185127139,Mtotal,6,31601843,4343,1.1825E-05
rs3967200,0.207613315,0.030016664,C,T,0.860783974,S1total,11,126232385,4802,4.62606E-12
rs3967200,0.192217596,0.029973042,C,T,0.860892231,S2total,11,126232385,4802,1.42669E-10
rs1257220,0.212674037,0.024458753,A,G,0.262182665,S4total,2,135015347,4343,3.46184E-18
rs3967200,-0.245046662,0.029570009,C,T,0.861185987,S4total,11,126232385,4802,1.16141E-16
rs7928758,-0.176253921,0.034109909,G,T,0.149141172,S4total,11,134265967,3592,2.37582E-07
rs3967200,0.19936715,0.030021545,C,T,0.860986691,Stotal,11,126232385,4802,3.1198E-11